circle	value
Helene 海琳	test
Helene 海琳	test
毛毛喵	
短髮女世一 -坂本陽菜-	
純情purecure x inchiめろメロ	
小布子✧好丁丁	
JJeris 0v0/月小店	
Yuri180	
鈴美&楠朋友	
Mia cosplay	
矢風	
紫音さま	
One Day	
Tsukiya-夜	
Yuzuki柚姬	
Sumiko	
裁縫姬Sum sum Denka x Hatori sama紀奈奈	
玄子	
Hisui180	
Yao & Alma	
餓小璇Miu－璇哥	
超健全☆ゆかり煉乳	
魔王もも	
凱婷 Hoiting ch.	
協約同盟	
夢葉咖啡廳	
BUCHI	
冰之國雜貨屋	
艾歷克工作室	
白卡們的檔攤	
我家有無敵的空調/dear.sugarroom	
Carefreee . 茄哩啡	
魔女樹屋	
叮一聲爆発しろ！	
HAMA旅遊推廣部	
公司又要我地出新既product	
shutuz/朧月 OBOROZUKI	
秋憶之月	
月之帆MurmurMoonsail/FRAGMENT	
Maid Academy	
Nebula Production	
ほろ酔いレモネード3％Rei x Emon -	
胸不瓶何以瓶天下之青馬小喬都係平的	
魔法燒酒あかな꒰´ᆺ`๑꒱	
Misaki 珊珊	
DEER 62	
古喵 × 翼丁 ×苗猫	
超次元美少女☆ありさ☆	
Maid Planet	
Rainy的小狗窩	
饕龍島x伊德洛	
循地咖啡	
狐狸月川的神社	
謎のA子	
作品名稱：四不像+w+	
White in Purple	
Beyou.賣藝萬事屋.	
獅子山隧道收費亭	
星願庭園	
CuteTuber/Sweet☆YuRi	
肝畫的魚系訓練家	
青山	
胃潰瘍白森林蛋糕	
巴龍BUFF	
KL和月兔的療養院	
仙女森林診療所	
CU Una x 冰冰	
Aoi☆汪汪	
小南 minami	
三米 Sammi	
可可米很好吃	
雷婆婆x Sayoko	
WinryHare 雲尼ハレ	
米爺	
遙醬Haruka in 35Land🌸	
Necho	
黑蛛白蛛	
HOMURA	
兔糖RabbitCandy	
翻車貓 MoNya MoNya	
Circle Works	
SAKILAND	
風林火山Naturefour	
Paradox	
T.A.B.O.O.	
清里奶子	
壹紫楓行/齊齊旺角港V俱樂部	
異世界咖啡廳/Engage Virtual	
為食貓插畫	
港V臭DD/cattod/CEZAI/離月yobi	
AOI	
米亞Mya	
海爾帝國	
感度3000倍	
HeyHei熙 in 丁enny的房間	
NazoEirian	
Yuimeow 唯唯	
Maid Clinic/Dora朵拉	
Maid Magica	
Himesama	
小瑤今天很正	
花梨Hanari	
Olivie	
Day on&off	
#FIKUSHON(MIRAI) x 丁丁烤魚魚	
AuKA@NewType	
麻海もち/柚子	
腸粉便利店	
MARINE IRIS	
MACHI	
香港Vtuber街	
大猫見面大猫食	
Caelum	
CLS-Cricle	
咕菇顧夢工場	
Stargazers	
Immortal Genes	
十時偵探事務所	
真係毛朋友	
霙雪OwO	
Kaleidoscope	
KAMIMi湘	
Senna小千	
沐木大魔王	
Rumi醬	
小琪 Aki	
Naki	
Vivi Cosplay	
桃桃Toto	
心櫻Sinon	
Kami Cosplay	
Luffy Cosplayer	
星夢亭	
貓曜日	
U235核燃动力	
1080プロダクション	
MiraKE	
Yuuki	
真龍第四帝國	
玖南逸甘	
Aズサ/HappyxHolic	
狼氏宗親會	
V Will	
阿薯Potato	
Mystbloomミストブルーム	
貓耳家族 x 朋朋們	
VSpectrum	
伊藤優希的香油箱	
森山神社	
小章魚燒檔承載大DD夢想	
lanikai	
小牛船長帶菇汪釣狐鯨	
黒川小牛的小窩	
白狐wfox	
火火KaKa x 絲Ito	
Amy在在在在在	
Littlesshine晴兒	
歡迎回來，小烈大人	
茉沫*MoMo	
優 Yuki Cosplay	
咩咩又睏了	
Silver＊Here	
YuDan魚蛋	
Yoh羊 x Candy Cosplay	
COWKEY x 旋轉版版	
芒果糯米糍	
O.J impact	
L＆Dの杂货铺	
DANTA	
晴奈の萬事屋	
雲間小築	
早古。珈琲館	
世界需要星期日	
黑之契約組	
紙漫糖	
月の工房	
茶樓叉燒包小推車	
花火 (hanabi)	
咸鱼喵Cat	
宅腐结界	
報咗啦，邊次唔報	
懶魔王/幽幽和貝拉的小黑屋	
Fufu Cosplay	
崖上的波兒/Shi-Bai	
筱望L	
梓野Shino	
160ismyname	
冰嵐冰嵐嵐冰嵐冰冰嵐	
女皇部落	
ぴよ飄	
櫻貓特小號	
雪溫場	
榊兔-Sakaki Usagi	
射手人精神! 最到尾.....	
SANAE	
孤鴻影滅	
HB實驗室	
一条腐鱼/米游集团	
清水同人社	
Street culture	
七葉浮歌 Shichiyoufuka	
阿棉armian	
春宵夜	
万象星光	
秋とメル	
calamy fortune	
Solar	
虚拟恋人	
我可摸耳用你張消費券	
YUNA x 栗米 x HIU	
蝦米hami	
Mayu * 麻油	
Steamy Manor蒸氣莊園	
Fumitsuki／文月ユウ	
少女們的物語	
GraceKaori	
今天也努力擺爛	
失樂園Lost Eden	
晴明seimei	
Mirukuti奶茶	
Figure Image Gallery	
小鉛梓	
Cwaibb	
siesta_l.o.v.e.r	
後攻菊樂部	
紫宸策	
樹熊求抱	
minusbit-1.	
暮色倉庫火拼/蘑菇零售	
無名的社團K	
月明星稀	
春花秋月	
兩粒糰子	
ACGの魂	
MZ次元	
寻酱工坊	
失物認領處	
非零君事務所	
星際和平有限公司	
teawiwify	
破冰船/まっちゃそむリえ/Nanoo	
Rinto Photography	
一齊打邊爐！	
飛鳥 x 狐	
Fairy Bliss 妖精的祝福	
原未鳴初	
緋雪不是肥雪	
芊蕪 x 鈴音	
一種花	
もぐもぐひなち	
蓮之空沉船仔關注組	
Moon x Sona	
慧慧WaiWai x 喵哥	
MuiZi X Akisame	
赤文 X 狼	
Cheat Cookies	
阿拜多斯悍匪團/愉快熊仔餅	
移動梗資料庫	
一心三惑	
眼鏡狐狸屋	
鳴路宮/搞事力場	
AT189City	
觀艦式籌備委員會	
さざなみフィクスター	
Eroge Japan	
Hosto	
We No Money	
IHOKE	
Pure Reverie	
Dawnymilk	
Lunar Jam	
minnixx	
雪喵	
咖啡 COSPLAY	
幻想庭園（星夜屋）	
Maidjikku Choco Pinky	
Hexenversand魔女雜貨鋪	
Dreamy Home	
給小卡一個溫暖的家	
鏡曉工作室	
百花寮	
煲煲編髮/Fabrica Chris	
凳燈登蹬	
手鞠堂	
三色豆中有你有我	
Coffee Connection/春花落/ 永夜墨藍	
推しのATM/雪映星諾/ 星爍海濤/ 囧愛同人部	
Mochi Box 盒子餅	
PassingRain通り雨	
雪糕猎团	
魔女日記 Majyo Journal	
漂泊社	
77km/hr	
前輩 要一起玩galgame嗎	
茶魚販賣	
Kirin燒肉屋	
ASAMI/鹹魚/Foxdeer	
兴趣始燃	
十二星	
花语	
云上五骁民国轶事	
Yuka	
白貓手作	
Another World Clay.s	
月小店	
星夢	
Miseinen Craft /迷蝶霧	
Malic x 兔 x VR牙秋	
風靈幻月	
四個女人一個虛	
小精靈部屋	
mondayblue	
致富密碼	
奇幻者厘米露底	
Extbis Sci	
朧屋	
glitched_rena	
丘比重工	
二維鏡像	
R.I.N	
輕靈院·春秋山羊撿山狼	
1H2B	
酒池肉林	
ヘラヘラチーム	
虛位以待/勝利女神-妮姬之白雪貓貓	
Clova./BabyG Wong	
黑人 Harkyan	
岚岚乘鲲	
符碌雜貨舖	
DDL二次園	
在RG尋求邂逅是否搞錯了甚麼	
齊畫一波分部	
齊畫一波營業部徐小姐	
抹茶おじ	
SKLive x Project Hi-Mi	
Aroma 亞諾瑪	
最後終結者	
Pabo 手作小店	
浮光記	
+ 負腐得正手作雜物店 +/Gotherie Hellcraft	
Aniware	
模型優創	
黑蟻日常	
Mf design workshop/FuiFuiBear Workshop	
迷路貓領域	
BigKuma_Tattoo	
砂糖駅	
Baktasy	
LACECATS	
WW/Yoe&KT	
Alice Hobbey	
YOYOYA	
一張紙	
灼櫻の繪畫坊	
巴比倫貳屋·香港分店&雜燴爆谷店	
管狐屋	
嵐息風鈴	
モトクトク碎紙機	
冬日月夏	
凍檸茶少冰 x 星夜 -StarNight-	
ineedmoregold	
ToKyo	
挖靈芝的羊/Moriarty	
Gilp drawing	
虛無海峽	
毎日日曜日	
no.13太陽系	
Build Project Studio HK	
カラーとキティー	
All by Producer	
買了後悔三天 不買後悔三年	
3min Atelier Ltd	
Sharoma.daily	
Pic Up Doll	
Edge Three	
黑翼夜光	
ZZZSTUDIO	
TAKO水族館	
智力門檻163/茄子. Aubergine/三角水母	
Balabababa	
Freeze-Ex -ICECUTE Studio	
R2eiN	
Paladin	
西瓜Melon/みみもも	
馬兒跳/特雷森學園沙田分校	
俾啲砂dodododododo/腦洞組 / 周回部·肝の裏技	
小得少當嬴 *(舊名: 掃把佬痛車)	
U170	
新港城（仮）	
紙皮盒	
DOVERAIN	
FUMO成群	
虛無協會	
迷因威 Memeingway	
Hidden_Space	
精神食堂	
此地無茶三百杯	
如果讓我重來我會努力報考搞基書院	
Ballet Mecanique	
花開夜茶館The Flowering Night	
白色狐餅	
Subterranean Rose/貓紗天堂	
紅你阿魔彈彈波	
寒松社	
瘋帽子茶會	
林檎林	
樂弦小屋	
atelier nephilim	
三色貓咖啡店	
自己產糧自己食	
AquaMorn	
Saladcan	
夢想係做pat爛泥	
妹斗屋	
洋食小貓	
Amakumo	
夢子cosplay	
阿俊創作部	
Soraki殿下 x Rami	
楓子Fuuko×紙碎Hasaikami	
小可的攤位/可可葉	
P2Konoha/可可葉	
Magical Meow	
月光株式會社	
2時間睡眠/0000relk	
日界線	
erin與埃斯	
we'reEuropean!	
Party 5	
莉莉絲的蜜汁烤肋骨	
厨二病ガール	
新人類補完計劃	
蒼666	
美術館	
104	
六太日日人	
The Lanes HK	
路基亞創作	
平井臉量產機	
小刺同人部	
Aurora.Magicahk	
2wopoint5ive	
拖延症候群	
Aztronaut	
魔性雜貨店	
抹茶樓/赤猫姬地	
熊悠午睡Lazy Bear	
吉兔動物園	
Eden Project	
櫻花雪月	
悠閒小居	
Meow’s Create	
祇印工作室	
無從判斷☆	
南極之家	
邊緣麵包店	
Minerva	
Command※S	
Mayhem	
收稻谷/世纪填坑计划	
totoa	
絕体絕命	
人丁單薄	
淺睡眠狀態zzZ	
我不想工作	
CurtainCall/莫爾多多	
PuddingPurin	
SAKANA	
小春桜アイドル部	
啫喱啫喱耶耶耶	
企鵝萬事屋	
鳳鳥歷史工作室	
米龍部屋	
頹喵社	
Doodlefish	
港腐女學 Funuiology	
ROMO DOLDOL STUDIO	
Mitoboru.club	
Yorucomett	
蒸氣街	
EAA Lomo	
今日你DD咗我未?	
LinerNote工作室	
Petit.Pois	
教授說了，葛來芬多的不會有折扣	
sushiisiu	
NO PAPERWORK!	
星期五雜貨店	
如果空氣唔係免費我早就死咗	
cy天地	
柚子拉麵	
OUTTAMYWAY666	
Mypanpen	
Twenty Likes x LeVanGo	
砵蘭街神社	
牛奶餅乾	
hoheyho._/is_handmade	
大師團畫圖進度鞭策組	
發酵木屋	
雜錦杯	
ゆうやや	
繪空室‧香港分部	
地方失眠畫手需要包養	
Nya Home	
Commander的指揮所/櫻月亭	
奈樂樂 Nalok.Lok	
Daydream Deeesign	
花開。花烙	
霍格華茲哲學院	
星杯傳說香港同好會	
Nautilus Lab/Snow Box	
Platinum Library	
Crazy正太 ultimate hot fever ☆night 派對7點舉行with茶點無料你好有料	
清晨被死線追着跑☆的魔法少女	
繽紛蘑菇雲	
夜貓團子	
Butter Butter 29	
月月村小賣部	
做貓最緊要有中指	
白夢夜空/香芋部屋	
三文鮮魚	
NO COME BACK NO LIFE	
Wolf’s Bane	
KERO/CurrySoba	
戀與深淵	
供三小。宅	
HanakoAssistant	
守護U咩の卡咩拉打	
蝙蝠x可可豆x布丁小天地	
Venus art	
不如坐多陣先	
雪企鵝	
九唔搭八同好會	
白夢/次元之門	
ischolxey	
signal.	
慵懶製作/香港早晨呀!!!	
3rider	
地底喃嘸大慈悲堂/彩虹堂	
天空酒館	
十三月的月亮	
種菜俱樂部	
- 猿之茶寮／The Storyteller R	
玫瑰茶室-The Rose Tearoom-	
眠花遊雨	
恆星時	
Vapour S.K.Y.	
Art Alles	
mech-doll	
春風不恨	
Constipationalien 便祕院長	
夢之星	
Onex.runa	
共犯者_	
港大賤學生	
WALACLUB	
我覺得我哋好似唔係零	
康妮狗狗來，羨羨去去走	
四蠢獸株式會社	
墨色天下	
WEARE	
L.virus 病原體	
六年丙班棄療洞/猴子部屋	
_fruityfairy_	
薰嗣婚禮統籌委員會	
神說要有肝就有了肝/油鹽不進	
正腐極	
LUWCY/Flo Connie	
淑女派出所❤️/壽光萬事屋	
電波十字團	
巴比特你欠我的用什麼還	
夢落繁花	
今天保底又歪了	
GORI烤魚爆米花	
地板戰士揮手區	
赤月工房	
UR	
腦洞組/臨時村/White Night Fantasy/亞肥華手作室	
元氣鼠	
壹時館	
My Little Penguin	
祕撈BEI3LOU1	
北部慈母	
麻鳩煩生活札記	
Leo派遣中	
Tina’s Universe	
形上構式 x 誘發性中毒	
DS official	
拖稿死魚黨	
幻狐舍	
TA工作間/Violet Shop	
9draw	
5厘米鐵道	
MR.J.W	
Pistachioooo/Sdimo	
Pistachioooo/灼熱の大列巴	
大C，呢道果然有問題/預防同性戀，由“鵝”做起“巴”	
全力以赴 心中的夢	
不是百合就是基	
麻雀衰小	
三隻企鵝撞撞撞/Starryglassy	
P O L A R ! S N O. I I I	
手動☆販賣機/五月雨/緋夜屋	
Mosaic Legion/Maru∞u∞	
臆想鄉	
人類喺雜食性動物	
含情目	
哀愁的艾祖SadAdrian	
卡萊因市集	
LOOP 隨心所欲	
火熱動感999	
上條隼	
爆炒男同	
kqestha/the skibidi sigmas	
Big Boobs Saburou/潮人舞台(chill guy stage)	
翻翻糰XX3	
阿妙炒蛋	
雜糧士多	
L.F.land	
三棵樹	
深淵在凝視你	
芝士忌廉	
邊界無限 兔團子	
ookinahana.jr	
殺意達傳說旺角之淚	
Buskyoreo/綠帽俠與 Well excuuuuuse me princess	
Jayhanscosprops/Kouki_lab	
檸好，我的好蘋友	
海拉鲁放牛班	
花園鰻馬戲團	
You are the hero of hyrule	
SPECTRE(S)	
黑貓的罐罐倉庫No.7	
Pastel Aquarium	
爆Mon專家	
你今天扭曲了嗎？	
HARUKA創漫工房/杏仁小店	
阿嬸阿嬋Ai偶像	
黑松. 露露	
愛與美的護龍學會	
菠蘿螃蟹扭扭粉	
NRC魔法藥水店	
ISAW / 星雨幻想	
星花火	
Lazy Blue	
sesekaikai	
畫畫の加菲貓	
Towa身體健康關注組	
Koko.Haven	
楓糖乂麻糬	
雀屎屋	
HYALINE OF MONSTER WORLD	
心動？不如行動！！	
薯仔焗蕃茄	
血靈創作間	
菲菲の塗鴉間	
星期五吞pop嚟擺攤	
is handmade	
RO. F & Hachi	
肉球不滿	
Kosame雨	
可愛降臨魔法師倉庫	
NightCloud	
Wa 與深空	
物理魔法師	
Domino/Ao*PennGIN	
臨吉抱正三分鐘佛腳	
揉一個毒毒貓	
推しの美少女	
咸魚派製作工場	
CLS公司	
無良奸商。嘶哈。	
flamme	
理事舂親會	
打波先嚟落雨…唔通連個天都唔鐘意我/戇居管理處	
龍陽館/神奇熱狗	
肝死亡	
大水魚的臨時店	
點擊進入畫圖監獄	
你今日BOKI咗未	
DOKIDOKI	
光之工具人/吃不到的提子	
銀喉長尾山雀小屋	
a.chrishouse	
滿腔熱水 x kaoruwah	
桃子茶屋	
薑絲炒木耳	
廢青誇誇團	
雞鴨鵝狗	
Themeatyiu	
橫跨各次元的UMi_J	
Requiem	
月飴	
う	
說好不入新坑	
ADDICTED	
書遊	
黏黏寶後援會	
甜馄饨	
不良蛙的杂货铺	
兔子小姐的窩	
空想工房．Reverie Studio	
Firepiggydoodles	
往生堂	
角落的小薯仔	
Kichillu	
荷包肝疲倦	
在坑裡快樂暢遊♡	
Jyaui	
Helen 海倫	
神祕令使的徬徨庭	
PleasStudio / A.O.I社	
咁你即係搞事啦/Tonight Express	
Mr.PooP	
2 AM Museum	
風乾鹹濕魚	
地方畫手需要愛	
肉醬學妹	
竹林深處熊貓/WINGSTARII	
第五金主V我友善之家	
yoyosartshop	
V club	
Cherico.Artcafe	
盛櫻之汀	
背包裡的小東西	
+POKE BOX+	
Keep肝ING	
鱷魚王國	
PokiPoket 口袋波奇	
Mini Manor 迷你莊園	
lewis	
eksMAN	
A.Tong x Cream Soda Land	
寶麗工作室	
波子魚遊魂有限公司/FLAMME	
如夢初醒	
雜繪冰	
香港中文大學同人文化學會	
鐵底重工	
混邪雜食大技院	
亂入國/星箱★hoshiHAKO	
冷飯小軍團	
冷門到天長地久	
元氣幻想/野貓創作	
腐文青路線	
攞你命三億	
五生,你老婆問你返到屋企要沖涼先定係食飯先定係正♥經♥嘢♥先呀？/厭世水曜日 + 歪project-21g	
小眼睛	
企鵝波波	
burobbu	
ERICATHW_	
回溯&交织	
歪.角	
Fantasy oven 幻想烤箱	
放學後鯛魚霄餅!!!	
樓上雅座	
毛所事事	
蜂蜜柚子蛋糕	
Acacia	
縮縮團/KumaChu/McInfinty	
使出硬撐的社畜	
L.H.S./猛獸同盟	
萌狐月影	
啾比喵_chubee	
離奇抽象動物園	
奇點社	
地獄三頭犬	
+用愛拯救世界+	
SAGITtarius:/苦瓜幫	
地下秘密結社	
72 workshop	
靛青堂 Studio Poa Indigo	
森林飼養屋 Forest House	
2KG大草原	
zcat.l & kessie	
廢物樂園	
聯合國中央廚房	
哎吔	
曬姐利牙同鄉會	
17/409	
紫色羊毛PurpleWool	
布吉島	
Bloom Fan	
INUMI.	
中筋麵粉博物館/心肝不動產	
我嘅大佬好L得意	
Bethany的蘿白	
Trartacy	
為我推獻上美好祝福	
Umisobi	
Moggu墨葉	
Eorzea乙太特賣城/星川亭	
澪莎實驗室	
寂靜之風	
BunnyOwO	
MAT.CO+Cyan5	
冷坑人煮飯仔	
凍檸茶走蘋	
スタ☆萬事屋	
耐久山脈	
aki and friends	
米子蜜蜂巢	
Hohooting	
Tezuku-Ri	
MashSnow	
Dear Yuu	
Cutelybear Planet	
懶人戰地	
Fleecy 99	
七尾研究所x獸米工作室	
On the Cloud.雲上	
莉莉法星球	
樱桃CARD	
BeeBeeBunny	
Little Weird House/Windgun烈風	
choco.beads/boy	
Memai	
耍萌委員會/Ryou Bakery	
0℃魷魚罐頭	
兩分鐘便可收檔	
友情努力勝利打和Super	
B/W&RGB	
浣熊不是貍	
啥都來點	
春日部文藝社	
tungnut_studio	
KULA illus	
Jun↗ko↘ Jun↗ko↘/梅子醬工坊	
Planet980	
攤一攤	
魷魚車仔麵	
負進度	
關窗研究所	
牛乳酒屋/Φ／迴 & 十二軍團 / aS*plrln	
雜錦邊爐	
PDstore	
飛力大耳	
Rainstorm Warning Signals	
Spirea@隱著形去遊樂場	
好攰好眼瞓唔想番工	
四季花與浮萍	
女王陛下の蝴蝶結	
爆発原料	
全民J星	
恰飯關注組	
RG賺大錢世界首富計劃	
Nivôse/自耕農協會	
Amanogawa 天之川	
KAITO哂糕	
米芝連咆嚻獸	
瘋狂Cosplay牙	
伍想起身	
反社會地下接頭組織	
一根蔥	
秋の奇跡	
馬莉屋✧午茶時間	
S.B.O	
Tomodachi	
田中水草	
赤月菓子屋	
UGI114	
Art After Dark	
Yo粒	
野决明	
白污麻糬王（天窗部）／吾家魔法部	
腦漿炸裂Crews	
為美好的女女♡獻上新鮮肝!	
田雞炒飯	
五角形籃球場	
sk-on	
PANGAYMONIUM	
雜貨屋	
從來沒看過這麼大的鳥	
空想構成Fantastic Structure	
- 奇怪的東西混入了	
ʚ 莪禧歡妸愛妹じ ɞ	
無糖布甸製作中♫	
嫁俾音遊導致婚姻破裂組	
迪拉熊一蚊跟你機	
2233 Production	
舞舞神拳👊🏻	
大麻辣奶油草荔枝	
早突的鳥兒有分推	
牛奶有助長高	
Maimai推推樂	
北海道特選牛乳	
Mitzumon	
星河凌動創意科技	
MANFUNG	
阿提Mzcca	
一臉CH3(CH2)6COOH	
AirJar	
幸梓皮海鮮酒家	
白昼夢	
炭燒土星	
轉身射個彩虹波	
EGG	
EGa☆Project	
貓黑店	