circle	name	category	url
啫喱啫喱耶耶耶			
賣藝維生			
永夜墨藍			
Hexenversand魔女雜貨鋪			
Superb Market			
Bitten Fruit Market x 我將入稟起訴外星人			
Apo Recipe			
LunaTheMoon			
Min's Kitchen			
Windgun烈風			
Kokoko			
氣象同人研究所			
無憂小閣			
可樂餅			
瑞希&藍良fanclub			
Minerva			
最後終結者			
塔塔手作			
Jun↗ko↘ Jun↗ko↘ /UKERU			
高橋根子			
Pokelry			
eksMAN			
50%抹茶澀得起			
Elle的攤檔			
Mochi Box 盒子餅			
四個女人一個虛			
Tomodachi T-shirt			
キャンバス@Aズサ			
hoot			
minusbit-1			
Pic Up Doll			
HOMURA			
YuDan魚蛋			
GraceKaori			
160 is my name			
Mayu * 麻油			
子貓丸 Meow’s Create			
迪迪owo			
音音 and King Cosplay			
防空動			
Mikanya 蜜柑屋			
Irisstorejp日本動漫精品代購			
Mia Cosplay			
日夜被人喪隊			
龍與魔法師的快樂公廁			
frkz1024			
海屋			
韶華閣			
Kuro黑黑的不黑心小店			
企鵝萬事屋			
阿一工坊			
PuppyBubble			
KUMO:			
安蒂斯插畫萬事屋			
尋醬工坊			
Lanikai			
CSoft 匯創紀			
Ehiru's Game			
Coffee Connection			
香港浸會大學動漫學會			
Penana			
官方攤位			
猿之茶寮			
魯蛇製品			
Mirukuti奶茶			
Silver * Here			
Amy在在在			
Littlesshine晴兒			